,ID,answer
0,TG_A_J_20230304,2730.421875
1,TG_A_J_20230305,2730.421875
2,TG_A_J_20230306,2730.421875
3,TG_A_J_20230307,2730.421875
4,TG_A_J_20230308,2730.421875
5,TG_A_J_20230309,2730.421875
6,TG_A_J_20230310,2730.421875
7,TG_A_J_20230311,2730.421875
8,TG_A_J_20230312,2730.421875
9,TG_A_J_20230313,2730.421875
10,TG_A_J_20230314,2730.421875
11,TG_A_J_20230315,2730.421875
12,TG_A_J_20230316,2730.421875
13,TG_A_J_20230317,2730.421875
14,TG_A_J_20230318,2730.421875
15,TG_A_J_20230319,2730.421875
16,TG_A_J_20230320,2730.421875
17,TG_A_J_20230321,2730.421875
18,TG_A_J_20230322,2730.421875
19,TG_A_J_20230323,2730.421875
20,TG_A_J_20230324,2730.421875
21,TG_A_J_20230325,2730.421875
22,TG_A_J_20230326,2730.421875
23,TG_A_J_20230327,2730.421875
24,TG_A_J_20230328,2730.421875
25,TG_A_J_20230329,2730.421875
26,TG_A_J_20230330,2730.421875
27,TG_A_J_20230331,2730.421875
28,TG_A_S_20230304,3359.59619140625
29,TG_A_S_20230305,3359.59619140625
30,TG_A_S_20230306,3359.59619140625
31,TG_A_S_20230307,3359.59619140625
32,TG_A_S_20230308,3359.59619140625
33,TG_A_S_20230309,3359.59619140625
34,TG_A_S_20230310,3359.59619140625
35,TG_A_S_20230311,3359.59619140625
36,TG_A_S_20230312,3359.59619140625
37,TG_A_S_20230313,3359.59619140625
38,TG_A_S_20230314,3359.59619140625
39,TG_A_S_20230315,3359.59619140625
40,TG_A_S_20230316,3359.59619140625
41,TG_A_S_20230317,3359.59619140625
42,TG_A_S_20230318,3359.59619140625
43,TG_A_S_20230319,3359.59619140625
44,TG_A_S_20230320,3359.59619140625
45,TG_A_S_20230321,3359.59619140625
46,TG_A_S_20230322,3359.59619140625
47,TG_A_S_20230323,3359.59619140625
48,TG_A_S_20230324,3359.59619140625
49,TG_A_S_20230325,3359.59619140625
50,TG_A_S_20230326,3359.59619140625
51,TG_A_S_20230327,3359.59619140625
52,TG_A_S_20230328,3359.59619140625
53,TG_A_S_20230329,3359.59619140625
54,TG_A_S_20230330,3359.59619140625
55,TG_A_S_20230331,3359.59619140625
56,TG_B_J_20230304,3317.235107421875
57,TG_B_J_20230305,3317.235107421875
58,TG_B_J_20230306,3317.235107421875
59,TG_B_J_20230307,3317.235107421875
60,TG_B_J_20230308,3317.235107421875
61,TG_B_J_20230309,3317.235107421875
62,TG_B_J_20230310,3317.235107421875
63,TG_B_J_20230311,3317.235107421875
64,TG_B_J_20230312,3317.235107421875
65,TG_B_J_20230313,3317.235107421875
66,TG_B_J_20230314,3317.235107421875
67,TG_B_J_20230315,3317.235107421875
68,TG_B_J_20230316,3317.235107421875
69,TG_B_J_20230317,3317.235107421875
70,TG_B_J_20230318,3317.235107421875
71,TG_B_J_20230319,3317.235107421875
72,TG_B_J_20230320,3317.235107421875
73,TG_B_J_20230321,3317.235107421875
74,TG_B_J_20230322,3317.235107421875
75,TG_B_J_20230323,3317.235107421875
76,TG_B_J_20230324,3317.235107421875
77,TG_B_J_20230325,3317.235107421875
78,TG_B_J_20230326,3317.235107421875
79,TG_B_J_20230327,3317.235107421875
80,TG_B_J_20230328,3317.235107421875
81,TG_B_J_20230329,3317.235107421875
82,TG_B_J_20230330,3317.235107421875
83,TG_B_J_20230331,3317.235107421875
84,TG_B_S_20230304,3473.694580078125
85,TG_B_S_20230305,3473.694580078125
86,TG_B_S_20230306,3473.694580078125
87,TG_B_S_20230307,3473.694580078125
88,TG_B_S_20230308,3473.694580078125
89,TG_B_S_20230309,3473.694580078125
90,TG_B_S_20230310,3473.694580078125
91,TG_B_S_20230311,3473.694580078125
92,TG_B_S_20230312,3473.694580078125
93,TG_B_S_20230313,3473.694580078125
94,TG_B_S_20230314,3473.694580078125
95,TG_B_S_20230315,3473.694580078125
96,TG_B_S_20230316,3473.694580078125
97,TG_B_S_20230317,3473.694580078125
98,TG_B_S_20230318,3473.694580078125
99,TG_B_S_20230319,3473.694580078125
100,TG_B_S_20230320,3473.694580078125
101,TG_B_S_20230321,3473.694580078125
102,TG_B_S_20230322,3473.694580078125
103,TG_B_S_20230323,3473.694580078125
104,TG_B_S_20230324,3473.694580078125
105,TG_B_S_20230325,3473.694580078125
106,TG_B_S_20230326,3473.694580078125
107,TG_B_S_20230327,3473.694580078125
108,TG_B_S_20230328,3473.694580078125
109,TG_B_S_20230329,3473.694580078125
110,TG_B_S_20230330,3473.694580078125
111,TG_B_S_20230331,3473.694580078125
112,TG_C_J_20230304,3973.15283203125
113,TG_C_J_20230305,3973.15283203125
114,TG_C_J_20230306,3973.15283203125
115,TG_C_J_20230307,3973.15283203125
116,TG_C_J_20230308,3973.15283203125
117,TG_C_J_20230309,3973.15283203125
118,TG_C_J_20230310,3973.15283203125
119,TG_C_J_20230311,3973.15283203125
120,TG_C_J_20230312,3973.15283203125
121,TG_C_J_20230313,3973.15283203125
122,TG_C_J_20230314,3973.15283203125
123,TG_C_J_20230315,3973.15283203125
124,TG_C_J_20230316,3973.15283203125
125,TG_C_J_20230317,3973.15283203125
126,TG_C_J_20230318,3973.15283203125
127,TG_C_J_20230319,3973.15283203125
128,TG_C_J_20230320,3973.15283203125
129,TG_C_J_20230321,3973.15283203125
130,TG_C_J_20230322,3973.15283203125
131,TG_C_J_20230323,3973.15283203125
132,TG_C_J_20230324,3973.15283203125
133,TG_C_J_20230325,3973.15283203125
134,TG_C_J_20230326,3973.15283203125
135,TG_C_J_20230327,3973.15283203125
136,TG_C_J_20230328,3973.15283203125
137,TG_C_J_20230329,3973.15283203125
138,TG_C_J_20230330,3973.15283203125
139,TG_C_J_20230331,3973.15283203125
140,TG_C_S_20230304,3753.3251953125
141,TG_C_S_20230305,3753.3251953125
142,TG_C_S_20230306,3753.3251953125
143,TG_C_S_20230307,3753.3251953125
144,TG_C_S_20230308,3753.3251953125
145,TG_C_S_20230309,3753.3251953125
146,TG_C_S_20230310,3753.3251953125
147,TG_C_S_20230311,3753.3251953125
148,TG_C_S_20230312,3753.3251953125
149,TG_C_S_20230313,3753.3251953125
150,TG_C_S_20230314,3753.3251953125
151,TG_C_S_20230315,3753.3251953125
152,TG_C_S_20230316,3753.3251953125
153,TG_C_S_20230317,3753.3251953125
154,TG_C_S_20230318,3753.3251953125
155,TG_C_S_20230319,3753.3251953125
156,TG_C_S_20230320,3753.3251953125
157,TG_C_S_20230321,3753.3251953125
158,TG_C_S_20230322,3753.3251953125
159,TG_C_S_20230323,3753.3251953125
160,TG_C_S_20230324,3753.3251953125
161,TG_C_S_20230325,3753.3251953125
162,TG_C_S_20230326,3753.3251953125
163,TG_C_S_20230327,3753.3251953125
164,TG_C_S_20230328,3753.3251953125
165,TG_C_S_20230329,3753.3251953125
166,TG_C_S_20230330,3753.3251953125
167,TG_C_S_20230331,3753.3251953125
168,TG_D_J_20230304,726.1093139648438
169,TG_D_J_20230305,726.1093139648438
170,TG_D_J_20230306,726.1093139648438
171,TG_D_J_20230307,726.1093139648438
172,TG_D_J_20230308,726.1093139648438
173,TG_D_J_20230309,726.1093139648438
174,TG_D_J_20230310,726.1093139648438
175,TG_D_J_20230311,726.1093139648438
176,TG_D_J_20230312,726.1093139648438
177,TG_D_J_20230313,726.1093139648438
178,TG_D_J_20230314,726.1093139648438
179,TG_D_J_20230315,726.1093139648438
180,TG_D_J_20230316,726.1093139648438
181,TG_D_J_20230317,726.1093139648438
182,TG_D_J_20230318,726.1093139648438
183,TG_D_J_20230319,726.1093139648438
184,TG_D_J_20230320,726.1093139648438
185,TG_D_J_20230321,726.1093139648438
186,TG_D_J_20230322,726.1093139648438
187,TG_D_J_20230323,726.1093139648438
188,TG_D_J_20230324,726.1093139648438
189,TG_D_J_20230325,726.1093139648438
190,TG_D_J_20230326,726.1093139648438
191,TG_D_J_20230327,726.1093139648438
192,TG_D_J_20230328,726.1093139648438
193,TG_D_J_20230329,726.1093139648438
194,TG_D_J_20230330,726.1093139648438
195,TG_D_J_20230331,726.1093139648438
196,TG_D_S_20230304,3028.91259765625
197,TG_D_S_20230305,3028.91259765625
198,TG_D_S_20230306,3028.91259765625
199,TG_D_S_20230307,3028.91259765625
200,TG_D_S_20230308,3028.91259765625
201,TG_D_S_20230309,3028.91259765625
202,TG_D_S_20230310,3028.91259765625
203,TG_D_S_20230311,3028.91259765625
204,TG_D_S_20230312,3028.91259765625
205,TG_D_S_20230313,3028.91259765625
206,TG_D_S_20230314,3028.91259765625
207,TG_D_S_20230315,3028.91259765625
208,TG_D_S_20230316,3028.91259765625
209,TG_D_S_20230317,3028.91259765625
210,TG_D_S_20230318,3028.91259765625
211,TG_D_S_20230319,3028.91259765625
212,TG_D_S_20230320,3028.91259765625
213,TG_D_S_20230321,3028.91259765625
214,TG_D_S_20230322,3028.91259765625
215,TG_D_S_20230323,3028.91259765625
216,TG_D_S_20230324,3028.91259765625
217,TG_D_S_20230325,3028.91259765625
218,TG_D_S_20230326,3028.91259765625
219,TG_D_S_20230327,3028.91259765625
220,TG_D_S_20230328,3028.91259765625
221,TG_D_S_20230329,3028.91259765625
222,TG_D_S_20230330,3028.91259765625
223,TG_D_S_20230331,3028.91259765625
224,TG_E_J_20230304,1887.83642578125
225,TG_E_J_20230305,1887.83642578125
226,TG_E_J_20230306,1887.83642578125
227,TG_E_J_20230307,1887.83642578125
228,TG_E_J_20230308,1887.83642578125
229,TG_E_J_20230309,1887.83642578125
230,TG_E_J_20230310,1887.83642578125
231,TG_E_J_20230311,1887.83642578125
232,TG_E_J_20230312,1887.83642578125
233,TG_E_J_20230313,1887.83642578125
234,TG_E_J_20230314,1887.83642578125
235,TG_E_J_20230315,1887.83642578125
236,TG_E_J_20230316,1887.83642578125
237,TG_E_J_20230317,1887.83642578125
238,TG_E_J_20230318,1887.83642578125
239,TG_E_J_20230319,1887.83642578125
240,TG_E_J_20230320,1887.83642578125
241,TG_E_J_20230321,1887.83642578125
242,TG_E_J_20230322,1887.83642578125
243,TG_E_J_20230323,1887.83642578125
244,TG_E_J_20230324,1887.83642578125
245,TG_E_J_20230325,1887.83642578125
246,TG_E_J_20230326,1887.83642578125
247,TG_E_J_20230327,1887.83642578125
248,TG_E_J_20230328,1887.83642578125
249,TG_E_J_20230329,1887.83642578125
250,TG_E_J_20230330,1887.83642578125
251,TG_E_J_20230331,1887.83642578125
252,TG_E_S_20230304,3120.71044921875
253,TG_E_S_20230305,3120.71044921875
254,TG_E_S_20230306,3120.71044921875
255,TG_E_S_20230307,3120.71044921875
256,TG_E_S_20230308,3120.71044921875
257,TG_E_S_20230309,3120.71044921875
258,TG_E_S_20230310,3120.71044921875
259,TG_E_S_20230311,3120.71044921875
260,TG_E_S_20230312,3120.71044921875
261,TG_E_S_20230313,3120.71044921875
262,TG_E_S_20230314,3120.71044921875
263,TG_E_S_20230315,3120.71044921875
264,TG_E_S_20230316,3120.71044921875
265,TG_E_S_20230317,3120.71044921875
266,TG_E_S_20230318,3120.71044921875
267,TG_E_S_20230319,3120.71044921875
268,TG_E_S_20230320,3120.71044921875
269,TG_E_S_20230321,3120.71044921875
270,TG_E_S_20230322,3120.71044921875
271,TG_E_S_20230323,3120.71044921875
272,TG_E_S_20230324,3120.71044921875
273,TG_E_S_20230325,3120.71044921875
274,TG_E_S_20230326,3120.71044921875
275,TG_E_S_20230327,3120.71044921875
276,TG_E_S_20230328,3120.71044921875
277,TG_E_S_20230329,3120.71044921875
278,TG_E_S_20230330,3120.71044921875
279,TG_E_S_20230331,3120.71044921875
280,CR_A_J_20230304,1879.0057373046875
281,CR_A_J_20230305,1879.0057373046875
282,CR_A_J_20230306,1879.0057373046875
283,CR_A_J_20230307,1879.0057373046875
284,CR_A_J_20230308,1879.0057373046875
285,CR_A_J_20230309,1879.0057373046875
286,CR_A_J_20230310,1879.0057373046875
287,CR_A_J_20230311,1879.0057373046875
288,CR_A_J_20230312,1879.0057373046875
289,CR_A_J_20230313,1879.0057373046875
290,CR_A_J_20230314,1879.0057373046875
291,CR_A_J_20230315,1879.0057373046875
292,CR_A_J_20230316,1879.0057373046875
293,CR_A_J_20230317,1879.0057373046875
294,CR_A_J_20230318,1879.0057373046875
295,CR_A_J_20230319,1879.0057373046875
296,CR_A_J_20230320,1879.0057373046875
297,CR_A_J_20230321,1879.0057373046875
298,CR_A_J_20230322,1879.0057373046875
299,CR_A_J_20230323,1879.0057373046875
300,CR_A_J_20230324,1879.0057373046875
301,CR_A_J_20230325,1879.0057373046875
302,CR_A_J_20230326,1879.0057373046875
303,CR_A_J_20230327,1879.0057373046875
304,CR_A_J_20230328,1879.0057373046875
305,CR_A_J_20230329,1879.0057373046875
306,CR_A_J_20230330,1879.0057373046875
307,CR_A_J_20230331,1879.0057373046875
308,CR_B_J_20230304,1048.816650390625
309,CR_B_J_20230305,1048.816650390625
310,CR_B_J_20230306,1048.816650390625
311,CR_B_J_20230307,1048.816650390625
312,CR_B_J_20230308,1048.816650390625
313,CR_B_J_20230309,1048.816650390625
314,CR_B_J_20230310,1048.816650390625
315,CR_B_J_20230311,1048.816650390625
316,CR_B_J_20230312,1048.816650390625
317,CR_B_J_20230313,1048.816650390625
318,CR_B_J_20230314,1048.816650390625
319,CR_B_J_20230315,1048.816650390625
320,CR_B_J_20230316,1048.816650390625
321,CR_B_J_20230317,1048.816650390625
322,CR_B_J_20230318,1048.816650390625
323,CR_B_J_20230319,1048.816650390625
324,CR_B_J_20230320,1048.816650390625
325,CR_B_J_20230321,1048.816650390625
326,CR_B_J_20230322,1048.816650390625
327,CR_B_J_20230323,1048.816650390625
328,CR_B_J_20230324,1048.816650390625
329,CR_B_J_20230325,1048.816650390625
330,CR_B_J_20230326,1048.816650390625
331,CR_B_J_20230327,1048.816650390625
332,CR_B_J_20230328,1048.816650390625
333,CR_B_J_20230329,1048.816650390625
334,CR_B_J_20230330,1048.816650390625
335,CR_B_J_20230331,1048.816650390625
336,CR_C_J_20230304,1412.63720703125
337,CR_C_J_20230305,1412.63720703125
338,CR_C_J_20230306,1412.63720703125
339,CR_C_J_20230307,1412.63720703125
340,CR_C_J_20230308,1412.63720703125
341,CR_C_J_20230309,1412.63720703125
342,CR_C_J_20230310,1412.63720703125
343,CR_C_J_20230311,1412.63720703125
344,CR_C_J_20230312,1412.63720703125
345,CR_C_J_20230313,1412.63720703125
346,CR_C_J_20230314,1412.63720703125
347,CR_C_J_20230315,1412.63720703125
348,CR_C_J_20230316,1412.63720703125
349,CR_C_J_20230317,1412.63720703125
350,CR_C_J_20230318,1412.63720703125
351,CR_C_J_20230319,1412.63720703125
352,CR_C_J_20230320,1412.63720703125
353,CR_C_J_20230321,1412.63720703125
354,CR_C_J_20230322,1412.63720703125
355,CR_C_J_20230323,1412.63720703125
356,CR_C_J_20230324,1412.63720703125
357,CR_C_J_20230325,1412.63720703125
358,CR_C_J_20230326,1412.63720703125
359,CR_C_J_20230327,1412.63720703125
360,CR_C_J_20230328,1412.63720703125
361,CR_C_J_20230329,1412.63720703125
362,CR_C_J_20230330,1412.63720703125
363,CR_C_J_20230331,1412.63720703125
364,CR_D_J_20230304,1571.7877197265625
365,CR_D_J_20230305,1571.7877197265625
366,CR_D_J_20230306,1571.7877197265625
367,CR_D_J_20230307,1571.7877197265625
368,CR_D_J_20230308,1571.7877197265625
369,CR_D_J_20230309,1571.7877197265625
370,CR_D_J_20230310,1571.7877197265625
371,CR_D_J_20230311,1571.7877197265625
372,CR_D_J_20230312,1571.7877197265625
373,CR_D_J_20230313,1571.7877197265625
374,CR_D_J_20230314,1571.7877197265625
375,CR_D_J_20230315,1571.7877197265625
376,CR_D_J_20230316,1571.7877197265625
377,CR_D_J_20230317,1571.7877197265625
378,CR_D_J_20230318,1571.7877197265625
379,CR_D_J_20230319,1571.7877197265625
380,CR_D_J_20230320,1571.7877197265625
381,CR_D_J_20230321,1571.7877197265625
382,CR_D_J_20230322,1571.7877197265625
383,CR_D_J_20230323,1571.7877197265625
384,CR_D_J_20230324,1571.7877197265625
385,CR_D_J_20230325,1571.7877197265625
386,CR_D_J_20230326,1571.7877197265625
387,CR_D_J_20230327,1571.7877197265625
388,CR_D_J_20230328,1571.7877197265625
389,CR_D_J_20230329,1571.7877197265625
390,CR_D_J_20230330,1571.7877197265625
391,CR_D_J_20230331,1571.7877197265625
392,CR_D_S_20230304,69.68868255615234
393,CR_D_S_20230305,69.68868255615234
394,CR_D_S_20230306,69.68868255615234
395,CR_D_S_20230307,69.68868255615234
396,CR_D_S_20230308,69.68868255615234
397,CR_D_S_20230309,69.68868255615234
398,CR_D_S_20230310,69.68868255615234
399,CR_D_S_20230311,69.68868255615234
400,CR_D_S_20230312,69.68868255615234
401,CR_D_S_20230313,69.68868255615234
402,CR_D_S_20230314,69.68868255615234
403,CR_D_S_20230315,69.68868255615234
404,CR_D_S_20230316,69.68868255615234
405,CR_D_S_20230317,69.68868255615234
406,CR_D_S_20230318,69.68868255615234
407,CR_D_S_20230319,69.68868255615234
408,CR_D_S_20230320,69.68868255615234
409,CR_D_S_20230321,69.68868255615234
410,CR_D_S_20230322,69.68868255615234
411,CR_D_S_20230323,69.68868255615234
412,CR_D_S_20230324,69.68868255615234
413,CR_D_S_20230325,69.68868255615234
414,CR_D_S_20230326,69.68868255615234
415,CR_D_S_20230327,69.68868255615234
416,CR_D_S_20230328,69.68868255615234
417,CR_D_S_20230329,69.68868255615234
418,CR_D_S_20230330,69.68868255615234
419,CR_D_S_20230331,69.68868255615234
420,CR_E_J_20230304,1588.18359375
421,CR_E_J_20230305,1588.18359375
422,CR_E_J_20230306,1588.18359375
423,CR_E_J_20230307,1588.18359375
424,CR_E_J_20230308,1588.18359375
425,CR_E_J_20230309,1588.18359375
426,CR_E_J_20230310,1588.18359375
427,CR_E_J_20230311,1588.18359375
428,CR_E_J_20230312,1588.18359375
429,CR_E_J_20230313,1588.18359375
430,CR_E_J_20230314,1588.18359375
431,CR_E_J_20230315,1588.18359375
432,CR_E_J_20230316,1588.18359375
433,CR_E_J_20230317,1588.18359375
434,CR_E_J_20230318,1588.18359375
435,CR_E_J_20230319,1588.18359375
436,CR_E_J_20230320,1588.18359375
437,CR_E_J_20230321,1588.18359375
438,CR_E_J_20230322,1588.18359375
439,CR_E_J_20230323,1588.18359375
440,CR_E_J_20230324,1588.18359375
441,CR_E_J_20230325,1588.18359375
442,CR_E_J_20230326,1588.18359375
443,CR_E_J_20230327,1588.18359375
444,CR_E_J_20230328,1588.18359375
445,CR_E_J_20230329,1588.18359375
446,CR_E_J_20230330,1588.18359375
447,CR_E_J_20230331,1588.18359375
448,CR_E_S_20230304,86.08460235595703
449,CR_E_S_20230305,86.08460235595703
450,CR_E_S_20230306,86.08460235595703
451,CR_E_S_20230307,86.08460235595703
452,CR_E_S_20230308,86.08460235595703
453,CR_E_S_20230309,86.08460235595703
454,CR_E_S_20230310,86.08460235595703
455,CR_E_S_20230311,86.08460235595703
456,CR_E_S_20230312,86.08460235595703
457,CR_E_S_20230313,86.08460235595703
458,CR_E_S_20230314,86.08460235595703
459,CR_E_S_20230315,86.08460235595703
460,CR_E_S_20230316,86.08460235595703
461,CR_E_S_20230317,86.08460235595703
462,CR_E_S_20230318,86.08460235595703
463,CR_E_S_20230319,86.08460235595703
464,CR_E_S_20230320,86.08460235595703
465,CR_E_S_20230321,86.08460235595703
466,CR_E_S_20230322,86.08460235595703
467,CR_E_S_20230323,86.08460235595703
468,CR_E_S_20230324,86.08460235595703
469,CR_E_S_20230325,86.08460235595703
470,CR_E_S_20230326,86.08460235595703
471,CR_E_S_20230327,86.08460235595703
472,CR_E_S_20230328,86.08460235595703
473,CR_E_S_20230329,86.08460235595703
474,CR_E_S_20230330,86.08460235595703
475,CR_E_S_20230331,86.08460235595703
476,CB_A_J_20230304,1112.3372802734375
477,CB_A_J_20230305,1112.3372802734375
478,CB_A_J_20230306,1112.3372802734375
479,CB_A_J_20230307,1112.3372802734375
480,CB_A_J_20230308,1112.3372802734375
481,CB_A_J_20230309,1112.3372802734375
482,CB_A_J_20230310,1112.3372802734375
483,CB_A_J_20230311,1112.3372802734375
484,CB_A_J_20230312,1112.3372802734375
485,CB_A_J_20230313,1112.3372802734375
486,CB_A_J_20230314,1112.3372802734375
487,CB_A_J_20230315,1112.3372802734375
488,CB_A_J_20230316,1112.3372802734375
489,CB_A_J_20230317,1112.3372802734375
490,CB_A_J_20230318,1112.3372802734375
491,CB_A_J_20230319,1112.3372802734375
492,CB_A_J_20230320,1112.3372802734375
493,CB_A_J_20230321,1112.3372802734375
494,CB_A_J_20230322,1112.3372802734375
495,CB_A_J_20230323,1112.3372802734375
496,CB_A_J_20230324,1112.3372802734375
497,CB_A_J_20230325,1112.3372802734375
498,CB_A_J_20230326,1112.3372802734375
499,CB_A_J_20230327,1112.3372802734375
500,CB_A_J_20230328,1112.3372802734375
501,CB_A_J_20230329,1112.3372802734375
502,CB_A_J_20230330,1112.3372802734375
503,CB_A_J_20230331,1112.3372802734375
504,CB_A_S_20230304,268.336181640625
505,CB_A_S_20230305,268.336181640625
506,CB_A_S_20230306,268.336181640625
507,CB_A_S_20230307,268.336181640625
508,CB_A_S_20230308,268.336181640625
509,CB_A_S_20230309,268.336181640625
510,CB_A_S_20230310,268.336181640625
511,CB_A_S_20230311,268.336181640625
512,CB_A_S_20230312,268.336181640625
513,CB_A_S_20230313,268.336181640625
514,CB_A_S_20230314,268.336181640625
515,CB_A_S_20230315,268.336181640625
516,CB_A_S_20230316,268.336181640625
517,CB_A_S_20230317,268.336181640625
518,CB_A_S_20230318,268.336181640625
519,CB_A_S_20230319,268.336181640625
520,CB_A_S_20230320,268.336181640625
521,CB_A_S_20230321,268.336181640625
522,CB_A_S_20230322,268.336181640625
523,CB_A_S_20230323,268.336181640625
524,CB_A_S_20230324,268.336181640625
525,CB_A_S_20230325,268.336181640625
526,CB_A_S_20230326,268.336181640625
527,CB_A_S_20230327,268.336181640625
528,CB_A_S_20230328,268.336181640625
529,CB_A_S_20230329,268.336181640625
530,CB_A_S_20230330,268.336181640625
531,CB_A_S_20230331,268.336181640625
532,CB_D_J_20230304,361.9569091796875
533,CB_D_J_20230305,361.9569091796875
534,CB_D_J_20230306,361.9569091796875
535,CB_D_J_20230307,361.9569091796875
536,CB_D_J_20230308,361.9569091796875
537,CB_D_J_20230309,361.9569091796875
538,CB_D_J_20230310,361.9569091796875
539,CB_D_J_20230311,361.9569091796875
540,CB_D_J_20230312,361.9569091796875
541,CB_D_J_20230313,361.9569091796875
542,CB_D_J_20230314,361.9569091796875
543,CB_D_J_20230315,361.9569091796875
544,CB_D_J_20230316,361.9569091796875
545,CB_D_J_20230317,361.9569091796875
546,CB_D_J_20230318,361.9569091796875
547,CB_D_J_20230319,361.9569091796875
548,CB_D_J_20230320,361.9569091796875
549,CB_D_J_20230321,361.9569091796875
550,CB_D_J_20230322,361.9569091796875
551,CB_D_J_20230323,361.9569091796875
552,CB_D_J_20230324,361.9569091796875
553,CB_D_J_20230325,361.9569091796875
554,CB_D_J_20230326,361.9569091796875
555,CB_D_J_20230327,361.9569091796875
556,CB_D_J_20230328,361.9569091796875
557,CB_D_J_20230329,361.9569091796875
558,CB_D_J_20230330,361.9569091796875
559,CB_D_J_20230331,361.9569091796875
560,CB_E_J_20230304,279.2999572753906
561,CB_E_J_20230305,279.2999572753906
562,CB_E_J_20230306,279.2999572753906
563,CB_E_J_20230307,279.2999572753906
564,CB_E_J_20230308,279.2999572753906
565,CB_E_J_20230309,279.2999572753906
566,CB_E_J_20230310,279.2999572753906
567,CB_E_J_20230311,279.2999572753906
568,CB_E_J_20230312,279.2999572753906
569,CB_E_J_20230313,279.2999572753906
570,CB_E_J_20230314,279.2999572753906
571,CB_E_J_20230315,279.2999572753906
572,CB_E_J_20230316,279.2999572753906
573,CB_E_J_20230317,279.2999572753906
574,CB_E_J_20230318,279.2999572753906
575,CB_E_J_20230319,279.2999572753906
576,CB_E_J_20230320,279.2999572753906
577,CB_E_J_20230321,279.2999572753906
578,CB_E_J_20230322,279.2999572753906
579,CB_E_J_20230323,279.2999572753906
580,CB_E_J_20230324,279.2999572753906
581,CB_E_J_20230325,279.2999572753906
582,CB_E_J_20230326,279.2999572753906
583,CB_E_J_20230327,279.2999572753906
584,CB_E_J_20230328,279.2999572753906
585,CB_E_J_20230329,279.2999572753906
586,CB_E_J_20230330,279.2999572753906
587,CB_E_J_20230331,279.2999572753906
588,RD_A_J_20230304,534.587890625
589,RD_A_J_20230305,534.587890625
590,RD_A_J_20230306,534.587890625
591,RD_A_J_20230307,534.587890625
592,RD_A_J_20230308,534.587890625
593,RD_A_J_20230309,534.587890625
594,RD_A_J_20230310,534.587890625
595,RD_A_J_20230311,534.587890625
596,RD_A_J_20230312,534.587890625
597,RD_A_J_20230313,534.587890625
598,RD_A_J_20230314,534.587890625
599,RD_A_J_20230315,534.587890625
600,RD_A_J_20230316,534.587890625
601,RD_A_J_20230317,534.587890625
602,RD_A_J_20230318,534.587890625
603,RD_A_J_20230319,534.587890625
604,RD_A_J_20230320,534.587890625
605,RD_A_J_20230321,534.587890625
606,RD_A_J_20230322,534.587890625
607,RD_A_J_20230323,534.587890625
608,RD_A_J_20230324,534.587890625
609,RD_A_J_20230325,534.587890625
610,RD_A_J_20230326,534.587890625
611,RD_A_J_20230327,534.587890625
612,RD_A_J_20230328,534.587890625
613,RD_A_J_20230329,534.587890625
614,RD_A_J_20230330,534.587890625
615,RD_A_J_20230331,534.587890625
616,RD_A_S_20230304,459.15533447265625
617,RD_A_S_20230305,459.15533447265625
618,RD_A_S_20230306,459.15533447265625
619,RD_A_S_20230307,459.15533447265625
620,RD_A_S_20230308,459.15533447265625
621,RD_A_S_20230309,459.15533447265625
622,RD_A_S_20230310,459.15533447265625
623,RD_A_S_20230311,459.15533447265625
624,RD_A_S_20230312,459.15533447265625
625,RD_A_S_20230313,459.15533447265625
626,RD_A_S_20230314,459.15533447265625
627,RD_A_S_20230315,459.15533447265625
628,RD_A_S_20230316,459.15533447265625
629,RD_A_S_20230317,459.15533447265625
630,RD_A_S_20230318,459.15533447265625
631,RD_A_S_20230319,459.15533447265625
632,RD_A_S_20230320,459.15533447265625
633,RD_A_S_20230321,459.15533447265625
634,RD_A_S_20230322,459.15533447265625
635,RD_A_S_20230323,459.15533447265625
636,RD_A_S_20230324,459.15533447265625
637,RD_A_S_20230325,459.15533447265625
638,RD_A_S_20230326,459.15533447265625
639,RD_A_S_20230327,459.15533447265625
640,RD_A_S_20230328,459.15533447265625
641,RD_A_S_20230329,459.15533447265625
642,RD_A_S_20230330,459.15533447265625
643,RD_A_S_20230331,459.15533447265625
644,RD_C_S_20230304,49.63813018798828
645,RD_C_S_20230305,49.63813018798828
646,RD_C_S_20230306,49.63813018798828
647,RD_C_S_20230307,49.63813018798828
648,RD_C_S_20230308,49.63813018798828
649,RD_C_S_20230309,49.63813018798828
650,RD_C_S_20230310,49.63813018798828
651,RD_C_S_20230311,49.63813018798828
652,RD_C_S_20230312,49.63813018798828
653,RD_C_S_20230313,49.63813018798828
654,RD_C_S_20230314,49.63813018798828
655,RD_C_S_20230315,49.63813018798828
656,RD_C_S_20230316,49.63813018798828
657,RD_C_S_20230317,49.63813018798828
658,RD_C_S_20230318,49.63813018798828
659,RD_C_S_20230319,49.63813018798828
660,RD_C_S_20230320,49.63813018798828
661,RD_C_S_20230321,49.63813018798828
662,RD_C_S_20230322,49.63813018798828
663,RD_C_S_20230323,49.63813018798828
664,RD_C_S_20230324,49.63813018798828
665,RD_C_S_20230325,49.63813018798828
666,RD_C_S_20230326,49.63813018798828
667,RD_C_S_20230327,49.63813018798828
668,RD_C_S_20230328,49.63813018798828
669,RD_C_S_20230329,49.63813018798828
670,RD_C_S_20230330,49.63813018798828
671,RD_C_S_20230331,49.63813018798828
672,RD_D_J_20230304,173.72970581054688
673,RD_D_J_20230305,173.72970581054688
674,RD_D_J_20230306,173.72970581054688
675,RD_D_J_20230307,173.72970581054688
676,RD_D_J_20230308,173.72970581054688
677,RD_D_J_20230309,173.72970581054688
678,RD_D_J_20230310,173.72970581054688
679,RD_D_J_20230311,173.72970581054688
680,RD_D_J_20230312,173.72970581054688
681,RD_D_J_20230313,173.72970581054688
682,RD_D_J_20230314,173.72970581054688
683,RD_D_J_20230315,173.72970581054688
684,RD_D_J_20230316,173.72970581054688
685,RD_D_J_20230317,173.72970581054688
686,RD_D_J_20230318,173.72970581054688
687,RD_D_J_20230319,173.72970581054688
688,RD_D_J_20230320,173.72970581054688
689,RD_D_J_20230321,173.72970581054688
690,RD_D_J_20230322,173.72970581054688
691,RD_D_J_20230323,173.72970581054688
692,RD_D_J_20230324,173.72970581054688
693,RD_D_J_20230325,173.72970581054688
694,RD_D_J_20230326,173.72970581054688
695,RD_D_J_20230327,173.72970581054688
696,RD_D_J_20230328,173.72970581054688
697,RD_D_J_20230329,173.72970581054688
698,RD_D_J_20230330,173.72970581054688
699,RD_D_J_20230331,173.72970581054688
700,RD_D_S_20230304,449.2073059082031
701,RD_D_S_20230305,449.2073059082031
702,RD_D_S_20230306,449.2073059082031
703,RD_D_S_20230307,449.2073059082031
704,RD_D_S_20230308,449.2073059082031
705,RD_D_S_20230309,449.2073059082031
706,RD_D_S_20230310,449.2073059082031
707,RD_D_S_20230311,449.2073059082031
708,RD_D_S_20230312,449.2073059082031
709,RD_D_S_20230313,449.2073059082031
710,RD_D_S_20230314,449.2073059082031
711,RD_D_S_20230315,449.2073059082031
712,RD_D_S_20230316,449.2073059082031
713,RD_D_S_20230317,449.2073059082031
714,RD_D_S_20230318,449.2073059082031
715,RD_D_S_20230319,449.2073059082031
716,RD_D_S_20230320,449.2073059082031
717,RD_D_S_20230321,449.2073059082031
718,RD_D_S_20230322,449.2073059082031
719,RD_D_S_20230323,449.2073059082031
720,RD_D_S_20230324,449.2073059082031
721,RD_D_S_20230325,449.2073059082031
722,RD_D_S_20230326,449.2073059082031
723,RD_D_S_20230327,449.2073059082031
724,RD_D_S_20230328,449.2073059082031
725,RD_D_S_20230329,449.2073059082031
726,RD_D_S_20230330,449.2073059082031
727,RD_D_S_20230331,449.2073059082031
728,RD_E_J_20230304,361.9114685058594
729,RD_E_J_20230305,361.9114685058594
730,RD_E_J_20230306,361.9114685058594
731,RD_E_J_20230307,361.9114685058594
732,RD_E_J_20230308,361.9114685058594
733,RD_E_J_20230309,361.9114685058594
734,RD_E_J_20230310,361.9114685058594
735,RD_E_J_20230311,361.9114685058594
736,RD_E_J_20230312,361.9114685058594
737,RD_E_J_20230313,361.9114685058594
738,RD_E_J_20230314,361.9114685058594
739,RD_E_J_20230315,361.9114685058594
740,RD_E_J_20230316,361.9114685058594
741,RD_E_J_20230317,361.9114685058594
742,RD_E_J_20230318,361.9114685058594
743,RD_E_J_20230319,361.9114685058594
744,RD_E_J_20230320,361.9114685058594
745,RD_E_J_20230321,361.9114685058594
746,RD_E_J_20230322,361.9114685058594
747,RD_E_J_20230323,361.9114685058594
748,RD_E_J_20230324,361.9114685058594
749,RD_E_J_20230325,361.9114685058594
750,RD_E_J_20230326,361.9114685058594
751,RD_E_J_20230327,361.9114685058594
752,RD_E_J_20230328,361.9114685058594
753,RD_E_J_20230329,361.9114685058594
754,RD_E_J_20230330,361.9114685058594
755,RD_E_J_20230331,361.9114685058594
756,RD_E_S_20230304,327.9992370605469
757,RD_E_S_20230305,327.9992370605469
758,RD_E_S_20230306,327.9992370605469
759,RD_E_S_20230307,327.9992370605469
760,RD_E_S_20230308,327.9992370605469
761,RD_E_S_20230309,327.9992370605469
762,RD_E_S_20230310,327.9992370605469
763,RD_E_S_20230311,327.9992370605469
764,RD_E_S_20230312,327.9992370605469
765,RD_E_S_20230313,327.9992370605469
766,RD_E_S_20230314,327.9992370605469
767,RD_E_S_20230315,327.9992370605469
768,RD_E_S_20230316,327.9992370605469
769,RD_E_S_20230317,327.9992370605469
770,RD_E_S_20230318,327.9992370605469
771,RD_E_S_20230319,327.9992370605469
772,RD_E_S_20230320,327.9992370605469
773,RD_E_S_20230321,327.9992370605469
774,RD_E_S_20230322,327.9992370605469
775,RD_E_S_20230323,327.9992370605469
776,RD_E_S_20230324,327.9992370605469
777,RD_E_S_20230325,327.9992370605469
778,RD_E_S_20230326,327.9992370605469
779,RD_E_S_20230327,327.9992370605469
780,RD_E_S_20230328,327.9992370605469
781,RD_E_S_20230329,327.9992370605469
782,RD_E_S_20230330,327.9992370605469
783,RD_E_S_20230331,327.9992370605469
784,BC_A_J_20230304,2130.76708984375
785,BC_A_J_20230305,2130.76708984375
786,BC_A_J_20230306,2130.76708984375
787,BC_A_J_20230307,2130.76708984375
788,BC_A_J_20230308,2130.76708984375
789,BC_A_J_20230309,2130.76708984375
790,BC_A_J_20230310,2130.76708984375
791,BC_A_J_20230311,2130.76708984375
792,BC_A_J_20230312,2130.76708984375
793,BC_A_J_20230313,2130.76708984375
794,BC_A_J_20230314,2130.76708984375
795,BC_A_J_20230315,2130.76708984375
796,BC_A_J_20230316,2130.76708984375
797,BC_A_J_20230317,2130.76708984375
798,BC_A_J_20230318,2130.76708984375
799,BC_A_J_20230319,2130.76708984375
800,BC_A_J_20230320,2130.76708984375
801,BC_A_J_20230321,2130.76708984375
802,BC_A_J_20230322,2130.76708984375
803,BC_A_J_20230323,2130.76708984375
804,BC_A_J_20230324,2130.76708984375
805,BC_A_J_20230325,2130.76708984375
806,BC_A_J_20230326,2130.76708984375
807,BC_A_J_20230327,2130.76708984375
808,BC_A_J_20230328,2130.76708984375
809,BC_A_J_20230329,2130.76708984375
810,BC_A_J_20230330,2130.76708984375
811,BC_A_J_20230331,2130.76708984375
812,BC_A_S_20230304,2231.83349609375
813,BC_A_S_20230305,2231.83349609375
814,BC_A_S_20230306,2231.83349609375
815,BC_A_S_20230307,2231.83349609375
816,BC_A_S_20230308,2231.83349609375
817,BC_A_S_20230309,2231.83349609375
818,BC_A_S_20230310,2231.83349609375
819,BC_A_S_20230311,2231.83349609375
820,BC_A_S_20230312,2231.83349609375
821,BC_A_S_20230313,2231.83349609375
822,BC_A_S_20230314,2231.83349609375
823,BC_A_S_20230315,2231.83349609375
824,BC_A_S_20230316,2231.83349609375
825,BC_A_S_20230317,2231.83349609375
826,BC_A_S_20230318,2231.83349609375
827,BC_A_S_20230319,2231.83349609375
828,BC_A_S_20230320,2231.83349609375
829,BC_A_S_20230321,2231.83349609375
830,BC_A_S_20230322,2231.83349609375
831,BC_A_S_20230323,2231.83349609375
832,BC_A_S_20230324,2231.83349609375
833,BC_A_S_20230325,2231.83349609375
834,BC_A_S_20230326,2231.83349609375
835,BC_A_S_20230327,2231.83349609375
836,BC_A_S_20230328,2231.83349609375
837,BC_A_S_20230329,2231.83349609375
838,BC_A_S_20230330,2231.83349609375
839,BC_A_S_20230331,2231.83349609375
840,BC_B_J_20230304,2153.260009765625
841,BC_B_J_20230305,2153.260009765625
842,BC_B_J_20230306,2153.260009765625
843,BC_B_J_20230307,2153.260009765625
844,BC_B_J_20230308,2153.260009765625
845,BC_B_J_20230309,2153.260009765625
846,BC_B_J_20230310,2153.260009765625
847,BC_B_J_20230311,2153.260009765625
848,BC_B_J_20230312,2153.260009765625
849,BC_B_J_20230313,2153.260009765625
850,BC_B_J_20230314,2153.260009765625
851,BC_B_J_20230315,2153.260009765625
852,BC_B_J_20230316,2153.260009765625
853,BC_B_J_20230317,2153.260009765625
854,BC_B_J_20230318,2153.260009765625
855,BC_B_J_20230319,2153.260009765625
856,BC_B_J_20230320,2153.260009765625
857,BC_B_J_20230321,2153.260009765625
858,BC_B_J_20230322,2153.260009765625
859,BC_B_J_20230323,2153.260009765625
860,BC_B_J_20230324,2153.260009765625
861,BC_B_J_20230325,2153.260009765625
862,BC_B_J_20230326,2153.260009765625
863,BC_B_J_20230327,2153.260009765625
864,BC_B_J_20230328,2153.260009765625
865,BC_B_J_20230329,2153.260009765625
866,BC_B_J_20230330,2153.260009765625
867,BC_B_J_20230331,2153.260009765625
868,BC_B_S_20230304,210.75552368164062
869,BC_B_S_20230305,210.75552368164062
870,BC_B_S_20230306,210.75552368164062
871,BC_B_S_20230307,210.75552368164062
872,BC_B_S_20230308,210.75552368164062
873,BC_B_S_20230309,210.75552368164062
874,BC_B_S_20230310,210.75552368164062
875,BC_B_S_20230311,210.75552368164062
876,BC_B_S_20230312,210.75552368164062
877,BC_B_S_20230313,210.75552368164062
878,BC_B_S_20230314,210.75552368164062
879,BC_B_S_20230315,210.75552368164062
880,BC_B_S_20230316,210.75552368164062
881,BC_B_S_20230317,210.75552368164062
882,BC_B_S_20230318,210.75552368164062
883,BC_B_S_20230319,210.75552368164062
884,BC_B_S_20230320,210.75552368164062
885,BC_B_S_20230321,210.75552368164062
886,BC_B_S_20230322,210.75552368164062
887,BC_B_S_20230323,210.75552368164062
888,BC_B_S_20230324,210.75552368164062
889,BC_B_S_20230325,210.75552368164062
890,BC_B_S_20230326,210.75552368164062
891,BC_B_S_20230327,210.75552368164062
892,BC_B_S_20230328,210.75552368164062
893,BC_B_S_20230329,210.75552368164062
894,BC_B_S_20230330,210.75552368164062
895,BC_B_S_20230331,210.75552368164062
896,BC_C_J_20230304,2168.452880859375
897,BC_C_J_20230305,2168.452880859375
898,BC_C_J_20230306,2168.452880859375
899,BC_C_J_20230307,2168.452880859375
900,BC_C_J_20230308,2168.452880859375
901,BC_C_J_20230309,2168.452880859375
902,BC_C_J_20230310,2168.452880859375
903,BC_C_J_20230311,2168.452880859375
904,BC_C_J_20230312,2168.452880859375
905,BC_C_J_20230313,2168.452880859375
906,BC_C_J_20230314,2168.452880859375
907,BC_C_J_20230315,2168.452880859375
908,BC_C_J_20230316,2168.452880859375
909,BC_C_J_20230317,2168.452880859375
910,BC_C_J_20230318,2168.452880859375
911,BC_C_J_20230319,2168.452880859375
912,BC_C_J_20230320,2168.452880859375
913,BC_C_J_20230321,2168.452880859375
914,BC_C_J_20230322,2168.452880859375
915,BC_C_J_20230323,2168.452880859375
916,BC_C_J_20230324,2168.452880859375
917,BC_C_J_20230325,2168.452880859375
918,BC_C_J_20230326,2168.452880859375
919,BC_C_J_20230327,2168.452880859375
920,BC_C_J_20230328,2168.452880859375
921,BC_C_J_20230329,2168.452880859375
922,BC_C_J_20230330,2168.452880859375
923,BC_C_J_20230331,2168.452880859375
924,BC_C_S_20230304,142.52210998535156
925,BC_C_S_20230305,142.52210998535156
926,BC_C_S_20230306,142.52210998535156
927,BC_C_S_20230307,142.52210998535156
928,BC_C_S_20230308,142.52210998535156
929,BC_C_S_20230309,142.52210998535156
930,BC_C_S_20230310,142.52210998535156
931,BC_C_S_20230311,142.52210998535156
932,BC_C_S_20230312,142.52210998535156
933,BC_C_S_20230313,142.52210998535156
934,BC_C_S_20230314,142.52210998535156
935,BC_C_S_20230315,142.52210998535156
936,BC_C_S_20230316,142.52210998535156
937,BC_C_S_20230317,142.52210998535156
938,BC_C_S_20230318,142.52210998535156
939,BC_C_S_20230319,142.52210998535156
940,BC_C_S_20230320,142.52210998535156
941,BC_C_S_20230321,142.52210998535156
942,BC_C_S_20230322,142.52210998535156
943,BC_C_S_20230323,142.52210998535156
944,BC_C_S_20230324,142.52210998535156
945,BC_C_S_20230325,142.52210998535156
946,BC_C_S_20230326,142.52210998535156
947,BC_C_S_20230327,142.52210998535156
948,BC_C_S_20230328,142.52210998535156
949,BC_C_S_20230329,142.52210998535156
950,BC_C_S_20230330,142.52210998535156
951,BC_C_S_20230331,142.52210998535156
952,BC_D_J_20230304,2229.5009765625
953,BC_D_J_20230305,2229.5009765625
954,BC_D_J_20230306,2229.5009765625
955,BC_D_J_20230307,2229.5009765625
956,BC_D_J_20230308,2229.5009765625
957,BC_D_J_20230309,2229.5009765625
958,BC_D_J_20230310,2229.5009765625
959,BC_D_J_20230311,2229.5009765625
960,BC_D_J_20230312,2229.5009765625
961,BC_D_J_20230313,2229.5009765625
962,BC_D_J_20230314,2229.5009765625
963,BC_D_J_20230315,2229.5009765625
964,BC_D_J_20230316,2229.5009765625
965,BC_D_J_20230317,2229.5009765625
966,BC_D_J_20230318,2229.5009765625
967,BC_D_J_20230319,2229.5009765625
968,BC_D_J_20230320,2229.5009765625
969,BC_D_J_20230321,2229.5009765625
970,BC_D_J_20230322,2229.5009765625
971,BC_D_J_20230323,2229.5009765625
972,BC_D_J_20230324,2229.5009765625
973,BC_D_J_20230325,2229.5009765625
974,BC_D_J_20230326,2229.5009765625
975,BC_D_J_20230327,2229.5009765625
976,BC_D_J_20230328,2229.5009765625
977,BC_D_J_20230329,2229.5009765625
978,BC_D_J_20230330,2229.5009765625
979,BC_D_J_20230331,2229.5009765625
980,BC_E_J_20230304,2322.584228515625
981,BC_E_J_20230305,2322.584228515625
982,BC_E_J_20230306,2322.584228515625
983,BC_E_J_20230307,2322.584228515625
984,BC_E_J_20230308,2322.584228515625
985,BC_E_J_20230309,2322.584228515625
986,BC_E_J_20230310,2322.584228515625
987,BC_E_J_20230311,2322.584228515625
988,BC_E_J_20230312,2322.584228515625
989,BC_E_J_20230313,2322.584228515625
990,BC_E_J_20230314,2322.584228515625
991,BC_E_J_20230315,2322.584228515625
992,BC_E_J_20230316,2322.584228515625
993,BC_E_J_20230317,2322.584228515625
994,BC_E_J_20230318,2322.584228515625
995,BC_E_J_20230319,2322.584228515625
996,BC_E_J_20230320,2322.584228515625
997,BC_E_J_20230321,2322.584228515625
998,BC_E_J_20230322,2322.584228515625
999,BC_E_J_20230323,2322.584228515625
1000,BC_E_J_20230324,2322.584228515625
1001,BC_E_J_20230325,2322.584228515625
1002,BC_E_J_20230326,2322.584228515625
1003,BC_E_J_20230327,2322.584228515625
1004,BC_E_J_20230328,2322.584228515625
1005,BC_E_J_20230329,2322.584228515625
1006,BC_E_J_20230330,2322.584228515625
1007,BC_E_J_20230331,2322.584228515625
1008,BC_E_S_20230304,2352.57275390625
1009,BC_E_S_20230305,2352.57275390625
1010,BC_E_S_20230306,2352.57275390625
1011,BC_E_S_20230307,2352.57275390625
1012,BC_E_S_20230308,2352.57275390625
1013,BC_E_S_20230309,2352.57275390625
1014,BC_E_S_20230310,2352.57275390625
1015,BC_E_S_20230311,2352.57275390625
1016,BC_E_S_20230312,2352.57275390625
1017,BC_E_S_20230313,2352.57275390625
1018,BC_E_S_20230314,2352.57275390625
1019,BC_E_S_20230315,2352.57275390625
1020,BC_E_S_20230316,2352.57275390625
1021,BC_E_S_20230317,2352.57275390625
1022,BC_E_S_20230318,2352.57275390625
1023,BC_E_S_20230319,2352.57275390625
1024,BC_E_S_20230320,2352.57275390625
1025,BC_E_S_20230321,2352.57275390625
1026,BC_E_S_20230322,2352.57275390625
1027,BC_E_S_20230323,2352.57275390625
1028,BC_E_S_20230324,2352.57275390625
1029,BC_E_S_20230325,2352.57275390625
1030,BC_E_S_20230326,2352.57275390625
1031,BC_E_S_20230327,2352.57275390625
1032,BC_E_S_20230328,2352.57275390625
1033,BC_E_S_20230329,2352.57275390625
1034,BC_E_S_20230330,2352.57275390625
1035,BC_E_S_20230331,2352.57275390625
1036,CB_F_J_20230304,444.989501953125
1037,CB_F_J_20230305,444.989501953125
1038,CB_F_J_20230306,444.989501953125
1039,CB_F_J_20230307,444.989501953125
1040,CB_F_J_20230308,444.989501953125
1041,CB_F_J_20230309,444.989501953125
1042,CB_F_J_20230310,444.989501953125
1043,CB_F_J_20230311,444.989501953125
1044,CB_F_J_20230312,444.989501953125
1045,CB_F_J_20230313,444.989501953125
1046,CB_F_J_20230314,444.989501953125
1047,CB_F_J_20230315,444.989501953125
1048,CB_F_J_20230316,444.989501953125
1049,CB_F_J_20230317,444.989501953125
1050,CB_F_J_20230318,444.989501953125
1051,CB_F_J_20230319,444.989501953125
1052,CB_F_J_20230320,444.989501953125
1053,CB_F_J_20230321,444.989501953125
1054,CB_F_J_20230322,444.989501953125
1055,CB_F_J_20230323,444.989501953125
1056,CB_F_J_20230324,444.989501953125
1057,CB_F_J_20230325,444.989501953125
1058,CB_F_J_20230326,444.989501953125
1059,CB_F_J_20230327,444.989501953125
1060,CB_F_J_20230328,444.989501953125
1061,CB_F_J_20230329,444.989501953125
1062,CB_F_J_20230330,444.989501953125
1063,CB_F_J_20230331,444.989501953125
1064,RD_F_J_20230304,462.7482604980469
1065,RD_F_J_20230305,462.7482604980469
1066,RD_F_J_20230306,462.7482604980469
1067,RD_F_J_20230307,462.7482604980469
1068,RD_F_J_20230308,462.7482604980469
1069,RD_F_J_20230309,462.7482604980469
1070,RD_F_J_20230310,462.7482604980469
1071,RD_F_J_20230311,462.7482604980469
1072,RD_F_J_20230312,462.7482604980469
1073,RD_F_J_20230313,462.7482604980469
1074,RD_F_J_20230314,462.7482604980469
1075,RD_F_J_20230315,462.7482604980469
1076,RD_F_J_20230316,462.7482604980469
1077,RD_F_J_20230317,462.7482604980469
1078,RD_F_J_20230318,462.7482604980469
1079,RD_F_J_20230319,462.7482604980469
1080,RD_F_J_20230320,462.7482604980469
1081,RD_F_J_20230321,462.7482604980469
1082,RD_F_J_20230322,462.7482604980469
1083,RD_F_J_20230323,462.7482604980469
1084,RD_F_J_20230324,462.7482604980469
1085,RD_F_J_20230325,462.7482604980469
1086,RD_F_J_20230326,462.7482604980469
1087,RD_F_J_20230327,462.7482604980469
1088,RD_F_J_20230328,462.7482604980469
1089,RD_F_J_20230329,462.7482604980469
1090,RD_F_J_20230330,462.7482604980469
1091,RD_F_J_20230331,462.7482604980469
